INSERT INTO users (id, name, age) VALUES (1, 'Bob', 20),
(2, 'Dylan', 29),
(3, 'Krystal', 30),
(4, 'Connor', 26),
(5, 'Eliza', 22),
(6, 'Matthew', 23),
(7, 'John', 76),
(8, 'Paul', 67),
(9, 'Ringo', 81),
(10, 'George', 56),
(11, 'Jack', 35),
(12, 'Magnus', 52),
(13, 'Juliette', 42),
(14, 'Alin', 32),
(15, 'Aisling', 21),
(16, 'Phela', 38),
(17, 'Zaz', 23),
(18, 'Tom', 41),
(19, 'Sergio', 47),
(20, 'Chris', 45);

INSERT INTO projects (id, title, category, funding_goal, start_date, end_date) VALUES 
(1, 'project_a', 'technology', 50000, 1/1/2019, 1/31/2019),
(2, 'project_b', 'automotive', 100000, 2/1/2019, 2/31/2019),
(3, 'project_c', 'sports', 20000, 3/1/2019, 3/31/2019),
(4, 'project_d', 'arts', 10000, 4/1/2019, 4/31/2019),
(5, 'project_e', 'health_fitness', 1000, 5/1/2019, 5/31/2019),
(6, 'project_f', 'film', 5700, 6/1/2019, 6/31/2019),
(7, 'project_g', 'food', 100, 7/1/2019, 7/31/2019),
(8, 'project_h', 'music', 25000000, 8/1/2019, 8/31/2019),
(9, 'project_i', 'books', 800000, 9/1/2019, 9/31/2019),
(10, 'project_j', 'finance', 23000, 10/1/2019, 10/31/2019);

INSERT INTO pledges (id, amount, user_id, project_id) VALUES 
(1, 250, 1, 5),
(2, 500, 2, 8),
(3, 1000, 5, 10),
(4, 2000, 8, 2),
(5, 5000000, 18, 5),
(6, 25, 3, 4),
(7, 999999, 15, 6),
(8, 987382, 13, 7),
(9, 73290, 12, 4),
(10, 9174, 11, 3),
(11, 8319, 19, 9),
(12, 91283, 9, 1),
(13, 873102, 6, 2),
(14, 981723, 3, 1),
(15, 16, 14, 8),
(16, 6382, 3, 3),
(17, 3192, 6, 9),
(18, 90, 20, 7),
(19, 928, 6, 9),
(20, 2937, 14, 4),
(21, 9823, 7, 8),
(22, 98, 2, 4),
(23, 236, 18, 8),
(24, 689643, 2, 7),
(25, 15, 18, 2),
(26, 20, 19, 1),
(27, 5, 20, 9),
(28, 10, 19, 5),
(29, 35, 17, 3),
(30, 45, 10, 6);